{"count":1,"gauges":{},"self":46.2650624,"total":51.638261299999996,"children":{"AgentResetIfDone":{"count":2422,"self":0.1118411,"total":0.1118411,"children":null},"AgentSendState":{"count":2422,"self":0.1616684,"total":0.2313086,"children":{"CollectObservations":{"count":4848,"self":0.0696402,"total":0.0696402,"children":null}}},"DecideAction":{"count":2422,"self":3.8472684,"total":4.6264638,"children":{"RayPerceptionSensor.Perceive":{"count":4848,"self":0.7791954,"total":0.7791954,"children":null}}},"AcademyStep":{"count":2422,"self":0.0099356999999999987,"total":0.0099356999999999987,"children":null},"AgentAct":{"count":2422,"self":0.391165,"total":0.391165,"children":null}}}